<?xml version="1.0" encoding="UTF-8"?>
<project-private xmlns="http://www.netbeans.org/ns/project-private/1">
    <editor-bookmarks xmlns="http://www.netbeans.org/ns/editor-bookmarks/2" lastBookmarkId="0"/>
    <open-files xmlns="http://www.netbeans.org/ns/projectui-open-files/2">
        <group>
            <file>file:/C:/xampp/htdocs/IS_LAB6_RESTAPI/cities/.htaccess</file>
            <file>file:/C:/xampp/htdocs/IS_LAB6_RESTAPI/cities/read.php</file>
            <file>file:/C:/xampp/htdocs/IS_LAB6_RESTAPI/cities/delete.php</file>
            <file>file:/C:/xampp/htdocs/IS_LAB6_RESTAPI/cities/write.php</file>
            <file>file:/C:/xampp/htdocs/IS_LAB6_RESTAPI/cities/update.php</file>
        </group>
    </open-files>
</project-private>
