{
	"info": {
		"_postman_id": "c34936e8-b57f-48af-a630-6e4820bc189f",
		"name": "Cities",
		"schema": "https://schema.getpostman.com/json/collection/v2.1.0/collection.json",
		"_exporter_id": "26283511"
	},
	"item": [
		{
			"name": "Dane miasta",
			"request": {
				"method": "GET",
				"header": [],
				"url": {
					"raw": "http://localhost/IS_LAB6_RESTAPI/cities/read.php?ID=4080",
					"protocol": "http",
					"host": [
						"localhost"
					],
					"path": [
						"IS_LAB6_RESTAPI",
						"cities",
						"read.php"
					],
					"query": [
						{
							"key": "ID",
							"value": "4080"
						}
					]
				}
			},
			"response": []
		},
		{
			"name": "Tworzenie miasta",
			"request": {
				"method": "POST",
				"header": [],
				"url": {
					"raw": "http://localhost/IS_LAB6_RESTAPI/cities/write.php?ID=4080&Name=Test&CountryCode=POL&District=Lubelskie&Population=12345",
					"protocol": "http",
					"host": [
						"localhost"
					],
					"path": [
						"IS_LAB6_RESTAPI",
						"cities",
						"write.php"
					],
					"query": [
						{
							"key": "ID",
							"value": "4080"
						},
						{
							"key": "Name",
							"value": "Test"
						},
						{
							"key": "CountryCode",
							"value": "POL"
						},
						{
							"key": "District",
							"value": "Lubelskie"
						},
						{
							"key": "Population",
							"value": "12345"
						}
					]
				}
			},
			"response": []
		},
		{
			"name": "Edytowanie danych miasta",
			"request": {
				"method": "PUT",
				"header": [],
				"url": {
					"raw": "http://localhost/IS_LAB6_RESTAPI/cities/update.php?ID=3426&Name=Kyiv&CountryCode=UKR&District=Kyiv Oblast&Population=2973000",
					"protocol": "http",
					"host": [
						"localhost"
					],
					"path": [
						"IS_LAB6_RESTAPI",
						"cities",
						"update.php"
					],
					"query": [
						{
							"key": "ID",
							"value": "3426"
						},
						{
							"key": "Name",
							"value": "Kyiv"
						},
						{
							"key": "CountryCode",
							"value": "UKR"
						},
						{
							"key": "District",
							"value": "Kyiv Oblast"
						},
						{
							"key": "Population",
							"value": "2973000"
						}
					]
				}
			},
			"response": []
		},
		{
			"name": "Usuwanie miasta",
			"request": {
				"method": "DELETE",
				"header": [],
				"url": {
					"raw": "http://localhost/IS_LAB6_RESTAPI/cities/delete.php?ID=4080",
					"protocol": "http",
					"host": [
						"localhost"
					],
					"path": [
						"IS_LAB6_RESTAPI",
						"cities",
						"delete.php"
					],
					"query": [
						{
							"key": "ID",
							"value": "4080"
						}
					]
				}
			},
			"response": []
		}
	]
}